INSERT INTO users (id, name, age) VALUES (1,'Buttocks Henderson',40);
INSERT INTO users (id, name, age) VALUES (2,'Boxelder Moonshine',35);
INSERT INTO users (id, name, age) VALUES (3,'Joe Pottin Soil Clovenhoof',86);
INSERT INTO users (id, name, age) VALUES (4,'Fancypants Rosenthal',91);
INSERT INTO users (id, name, age) VALUES (5,'Pitchfork Ben Appleyard',85);
INSERT INTO users (id, name, age) VALUES (6,'Dark Skies Guster',62);
INSERT INTO users (id, name, age) VALUES (7,'Snakes Nettles',65);
INSERT INTO users (id, name, age) VALUES (8,'Oinks Sackrider',36);
INSERT INTO users (id, name, age) VALUES (9,'Big Burps Stevens',86);
INSERT INTO users (id, name, age) VALUES (10,'Snorki Wigglesworth',94);
INSERT INTO users (id, name, age) VALUES (11,'Lunch Money Quakenbush',30);
INSERT INTO users (id, name, age) VALUES (12,'Worms Sugar-Gold',41);
INSERT INTO users (id, name, age) VALUES (13,'Worms Wallbanger',99);
INSERT INTO users (id, name, age) VALUES (14,'Winston Jazz Hands Peterson',34);
INSERT INTO users (id, name, age) VALUES (15,'Snakes Guster',80);
INSERT INTO users (id, name, age) VALUES (16,'Lil Debil Swackhamer',35);
INSERT INTO users (id, name, age) VALUES (17,'Sweet Tea Sugar-Gold',70);
INSERT INTO users (id, name, age) VALUES (18,'Bowel Noises Whipkey',6);
INSERT INTO users (id, name, age) VALUES (19,'TeeTee Cocktoasten',11);
INSERT INTO users (id, name, age) VALUES (20,'Gootsy Woolysocks',3);

INSERT INTO projects (id, title, category, funding_goal, start_date, end_date) VALUES (1,'Aurora','Maintenance',347553,'5/25/2022','5/31/2027');
INSERT INTO projects (id, title, category, funding_goal, start_date, end_date) VALUES (2,'Pure Uranium','Rehabilitation',266841,'9/16/2022','10/16/2038');
INSERT INTO projects (id, title, category, funding_goal, start_date, end_date) VALUES (3,'Social Experiment','Balancing',223138,'12/15/2022','6/4/2034');
INSERT INTO projects (id, title, category, funding_goal, start_date, end_date) VALUES (4,'Comic Maroon','Rehabilitation',75391,'9/13/2022','5/14/2048');
INSERT INTO projects (id, title, category, funding_goal, start_date, end_date) VALUES (5,'Impact Training','Rehabilitation',249474,'11/27/2022','10/1/2029');
INSERT INTO projects (id, title, category, funding_goal, start_date, end_date) VALUES (6,'Celestial Interface','Balancing',425941,'11/16/2022','12/23/2030');
INSERT INTO projects (id, title, category, funding_goal, start_date, end_date) VALUES (7,'Cold Fusion','Rehabilitation',730,'12/1/2022','3/12/2027');
INSERT INTO projects (id, title, category, funding_goal, start_date, end_date) VALUES (8,'Quicksilver','Rehabilitation',177892,'9/9/2022','11/13/2045');
INSERT INTO projects (id, title, category, funding_goal, start_date, end_date) VALUES (9,'Prime Seven','Rehabilitation',80014,'7/3/2022','8/10/2025');
INSERT INTO projects (id, title, category, funding_goal, start_date, end_date) VALUES (10,'WhiteJacks','Modernization',52262,'8/29/2022','10/11/2034');

INSERT INTO pledges (id, amount, user_id, project_id) VALUES (1,74891,12,8);
INSERT INTO pledges (id, amount, user_id, project_id) VALUES (2,6612,4,10);
INSERT INTO pledges (id, amount, user_id, project_id) VALUES (3,22542,20,10);
INSERT INTO pledges (id, amount, user_id, project_id) VALUES (4,70814,6,5);
INSERT INTO pledges (id, amount, user_id, project_id) VALUES (5,77197,13,2);
INSERT INTO pledges (id, amount, user_id, project_id) VALUES (6,70794,6,4);
INSERT INTO pledges (id, amount, user_id, project_id) VALUES (7,487,20,7);
INSERT INTO pledges (id, amount, user_id, project_id) VALUES (8,47483,12,10);
INSERT INTO pledges (id, amount, user_id, project_id) VALUES (9,9427,20,9);
INSERT INTO pledges (id, amount, user_id, project_id) VALUES (10,39022,2,4);
INSERT INTO pledges (id, amount, user_id, project_id) VALUES (11,104147,4,2);
INSERT INTO pledges (id, amount, user_id, project_id) VALUES (12,161951,1,2);
INSERT INTO pledges (id, amount, user_id, project_id) VALUES (13,105315,3,3);
INSERT INTO pledges (id, amount, user_id, project_id) VALUES (14,338948,5,1);
INSERT INTO pledges (id, amount, user_id, project_id) VALUES (15,99088,18,3);
INSERT INTO pledges (id, amount, user_id, project_id) VALUES (16,208949,7,3);
INSERT INTO pledges (id, amount, user_id, project_id) VALUES (17,16623,11,5);
INSERT INTO pledges (id, amount, user_id, project_id) VALUES (18,227240,2,5);
INSERT INTO pledges (id, amount, user_id, project_id) VALUES (19,86706,15,8);
INSERT INTO pledges (id, amount, user_id, project_id) VALUES (20,80096,18,8);
INSERT INTO pledges (id, amount, user_id, project_id) VALUES (21,34647,19,4);
INSERT INTO pledges (id, amount, user_id, project_id) VALUES (22,213,11,7);
INSERT INTO pledges (id, amount, user_id, project_id) VALUES (23,225924,9,1);
INSERT INTO pledges (id, amount, user_id, project_id) VALUES (24,177620,9,5);
INSERT INTO pledges (id, amount, user_id, project_id) VALUES (25,265,13,7);
INSERT INTO pledges (id, amount, user_id, project_id) VALUES (26,80613,20,3);
INSERT INTO pledges (id, amount, user_id, project_id) VALUES (27,81888,5,8);
INSERT INTO pledges (id, amount, user_id, project_id) VALUES (28,119496,9,5);
INSERT INTO pledges (id, amount, user_id, project_id) VALUES (29,26476,1,8);
INSERT INTO pledges (id, amount, user_id, project_id) VALUES (30,38133,8,9);
